compound,class,structure_source,disregistry_010_percent,density_g_cm3,predicted_potency_f,measured_undercooling_K,notes
HfN,nitride,ICSD (experimental),0.11,13.8,0.000,,
ScN,nitride,ICSD (experimental),0.55,4.29,0.000,,
VO₂ (rutile),oxide,ICSD (experimental),0.76,4.57,0.000,,Stable polymorph (rutile)
NbC,carbide,ICSD (experimental),1.23,7.82,0.001,,
ZrN,nitride,ICSD (experimental),1.29,7.29,0.001,<10,Upper bound
TaC,carbide,ICSD (experimental),1.54,14.5,0.002,,
TiO₂ (rutile),oxide,ICSD (experimental),1.64,4.25,0.003,,Stable polymorph (rutile)
HfC,carbide,ICSD (experimental),2.61,12.7,0.015,<20,Upper bound
NbN,nitride,ICSD (experimental),2.96,8.47,0.024,36.5,
ZrC,carbide,ICSD (experimental),3.95,6.73,0.070,30,
TiC,carbide,ICSD (experimental),4.37,4.93,0.099,59.5,
TiN,nitride,ICSD (experimental),6.27,5.22,0.312,63,
TeO₂,oxide,ICSD (experimental),6.43,6.02,0.336,38,Reduced in Ga melt (Zhang 2020)
VN,nitride,ICSD (experimental),8.54,6.13,0.660,,
Ta₂O₅,oxide,mp-1539317,15.02,8.2,1.000,,"No planar match, excluded"
β-Si₃N₄,nitride,mp-2245,71.29,3.19,1.000,68.9,Failed control (Chakravarty 2021)
Nb₂O₅,oxide,mp-680944,225.05,4.6,1.000,,"No planar match, excluded"
